[
  {
    "name": "datacontext",
    "type": "Object",
    "metadata": {
      "displayName": "DataContext",
      "bindable": true,
      "pipable": true,
      "nullable": true,
      "groupName": {
        "name": "Data",
        "priority": 2
      }
    }
  },
  {
    "name": "timerange",
    "type": "TimeRangeAutoUpdate",
    "value": {
      "typeName": "TimeRangeAutoUpdate",
      "value": {
        "start": "2024-08-05T12:40:36.548Z",
        "end": "2024-08-05T13:40:36.548Z",
        "startType": 1,
        "endType": 1,
        "fromExpression": "- 1hours",
        "toExpression": "now",
        "interval": "0 00:00:00",
        "enabled": false
      }
    },
    "metadata": {
      "displayName": "TimeRange",
      "defaultValue": {
        "typeName": "TimeRangeAutoUpdate",
        "value": {
          "start": "2024-08-05T12:41:04.598Z",
          "end": "2024-08-05T13:41:04.598Z",
          "startType": 1,
          "endType": 1,
          "fromExpression": "- 1hours",
          "toExpression": "now",
          "interval": "0 00:00:00",
          "enabled": false
        }
      },
      "bindable": true,
      "pipable": true,
      "nullable": false,
      "groupName": {
        "name": "Behavior",
        "priority": 3
      }
    }
  },
  {
    "name": "visible",
    "type": "Boolean",
    "value": true,
    "metadata": {
      "displayName": "Visible",
      "defaultValue": true,
      "bindable": false,
      "pipable": true,
      "nullable": false,
      "groupName": {
        "name": "Behavior",
        "priority": 3
      }
    }
  },
  {
    "name": "opacity",
    "type": "Number",
    "value": 100,
    "metadata": {
      "displayName": "Opacity",
      "defaultValue": 100,
      "bindable": false,
      "pipable": true,
      "nullable": false,
      "groupName": {
        "name": "Behavior",
        "priority": 3
      }
    }
  },
  {
    "name": "highlightConfiguration",
    "type": "HighlightConfiguration",
    "metadata": {
      "displayName": "Highlight Config.",
      "bindable": false,
      "pipable": true,
      "nullable": true,
      "groupName": {
        "name": "Behavior",
        "priority": 3
      }
    }
  }
]