{
  "description": "Dashboard Description",
  "properties": {
    "dashboard": true
  },
  "thumbnail": "{\n  \u0022viewBox\u0022: \u00220 0 2880 1080\u0022,\n  \u0022elements\u0022: [\n    {\n      \u0022typeId\u0022: \u0022ElipseSoftware.Widget.ComboBox\u0022,\n      \u0022top\u0022: 280,\n      \u0022left\u0022: 0,\n      \u0022height\u0022: 52,\n      \u0022width\u0022: 152\n    },\n    {\n      \u0022typeId\u0022: \u0022ElipseSoftware.Widget.ComboBox\u0022,\n      \u0022top\u0022: 100,\n      \u0022left\u0022: 0,\n      \u0022height\u0022: 52,\n      \u0022width\u0022: 232\n    },\n    {\n      \u0022typeId\u0022: \u0022ElipseSoftware.Widget.Text\u0022,\n      \u0022top\u0022: 3,\n      \u0022left\u0022: 0,\n      \u0022height\u0022: 49,\n      \u0022width\u0022: 1912\n    },\n    {\n      \u0022typeId\u0022: \u0022ElipseSoftware.Widget.Text\u0022,\n      \u0022top\u0022: 240,\n      \u0022left\u0022: 0,\n      \u0022height\u0022: 32,\n      \u0022width\u0022: 232\n    },\n    {\n      \u0022typeId\u0022: \u0022ElipseSoftware.Widget.Text\u0022,\n      \u0022top\u0022: 60,\n      \u0022left\u0022: 0,\n      \u0022height\u0022: 32,\n      \u0022width\u0022: 232\n    },\n    {\n      \u0022typeId\u0022: \u0022ElipseSoftware.Widget.Text\u0022,\n      \u0022top\u0022: 500,\n      \u0022left\u0022: 0,\n      \u0022height\u0022: 32,\n      \u0022width\u0022: 232\n    },\n    {\n      \u0022typeId\u0022: \u0022ElipseSoftware.Widget.EditBox\u0022,\n      \u0022top\u0022: 160,\n      \u0022left\u0022: 0,\n      \u0022height\u0022: 52,\n      \u0022width\u0022: 152\n    },\n    {\n      \u0022typeId\u0022: \u0022ElipseSoftware.Widget.LineChart\u0022,\n      \u0022top\u0022: 60,\n      \u0022left\u0022: 240,\n      \u0022height\u0022: 1012,\n      \u0022width\u0022: 1352\n    },\n    {\n      \u0022typeId\u0022: \u0022ElipseSoftware.Widget.Button\u0022,\n      \u0022top\u0022: 500,\n      \u0022left\u0022: 1600,\n      \u0022height\u0022: 52,\n      \u0022width\u0022: 152\n    },\n    {\n      \u0022typeId\u0022: \u0022ElipseSoftware.Widget.Button\u0022,\n      \u0022top\u0022: 160,\n      \u0022left\u0022: 160,\n      \u0022height\u0022: 52,\n      \u0022width\u0022: 72\n    },\n    {\n      \u0022typeId\u0022: \u0022ElipseSoftware.Widget.Button\u0022,\n      \u0022top\u0022: 280,\n      \u0022left\u0022: 160,\n      \u0022height\u0022: 52,\n      \u0022width\u0022: 72\n    },\n    {\n      \u0022typeId\u0022: \u0022ElipseSoftware.Widget.Button\u0022,\n      \u0022top\u0022: 340,\n      \u0022left\u0022: 0,\n      \u0022height\u0022: 52,\n      \u0022width\u0022: 232\n    },\n    {\n      \u0022typeId\u0022: \u0022ElipseSoftware.Widget.Button\u0022,\n      \u0022top\u0022: 500,\n      \u0022left\u0022: 1760,\n      \u0022height\u0022: 52,\n      \u0022width\u0022: 152\n    },\n    {\n      \u0022typeId\u0022: \u0022ElipseSoftware.Widget.Button\u0022,\n      \u0022top\u0022: 560,\n      \u0022left\u0022: 1600,\n      \u0022height\u0022: 52,\n      \u0022width\u0022: 312\n    },\n    {\n      \u0022typeId\u0022: \u0022ElipseSoftware.Widget.Button\u0022,\n      \u0022top\u0022: 400,\n      \u0022left\u0022: 0,\n      \u0022height\u0022: 52,\n      \u0022width\u0022: 232\n    },\n    {\n      \u0022typeId\u0022: \u0022ElipseSoftware.Widget.DataTable\u0022,\n      \u0022top\u0022: 100,\n      \u0022left\u0022: 1600,\n      \u0022height\u0022: 392,\n      \u0022width\u0022: 312\n    },\n    {\n      \u0022typeId\u0022: \u0022ElipseSoftware.Widget.DateTimePicker\u0022,\n      \u0022top\u0022: 540,\n      \u0022left\u0022: 0,\n      \u0022height\u0022: 52,\n      \u0022width\u0022: 232\n    },\n    {\n      \u0022typeId\u0022: \u0022ElipseSoftware.Widget.DateTimePicker\u0022,\n      \u0022top\u0022: 600,\n      \u0022left\u0022: 0,\n      \u0022height\u0022: 52,\n      \u0022width\u0022: 232\n    },\n    {\n      \u0022typeId\u0022: \u0022ElipseSoftware.Widget.Text\u0022,\n      \u0022top\u0022: 60,\n      \u0022left\u0022: 1600,\n      \u0022height\u0022: 32,\n      \u0022width\u0022: 312\n    }\n  ]\n}",
  "thumbnailMimeType": "application/vnd.elipse.portal.dashboard.thumbnail"
}